;;
;;
Input Initial (phrase naturelle);Input Reformulé (phrase reformatée) - pattern de questions standards;
Quel est mon xxx1 ? ;Quel est le montant de mon xxx1 ?;Le montant de votre xxx1 est de vvv1 euros
Quelle est ma xxx1 ?;Quel est le montant de ma xxx1 ?;Le montant de votre xxx1 est de vvv1 euros
Quels sont mes xxx1 ?;Quel est le montant de mes xxx1 ?;Le montant de vos xxx1 est de vvv1 euros
Quelles sont mes xxx1 ?;Quel est le montant de mes xxx1 ?;Le montant de vos xxx1 est de vvv1 euros
Donnes moi mon xxx1 ;Quel est le montant de mon xxx1 ?;Le montant de votre xxx1 est de vvv1 euros
Donnes moi ma xxx1 ;Quel est le montant de ma xxx1 ?;Le montant de votre xxx1 est de vvv1 euros
Donnes moi mes xxx1 ;Quel est le montant de mes xxx1 ?;Le montant de vos xxx1 est de vvv1 euros
Peux-tu me dire mon xxx1 ?;Quel est le montant de mon xxx1 ? Peux-tu ?;Oui je peux. Le montant de votre xxx1 est de vvv1 euros
Peux-tu me dire ma xxx1 ? ;Quel est le montant de ma xxx1 ? Peux-tu ? ;Oui je peux. Le montant de votre xxx1 est de vvv1 euros
Peux-tu me dire mes xxx1 ?;Quel est le montant de mes xxx1 ? Peux-tu ? ;Oui je peux. Le montant de votre xxx1 est de vvv1 euros
Comment connaître mon xxx1 ?;Quel est le montant de mon xxx1 ? + Méthode;Le montant de votre xxx1 est de vvv1 euros. Pour cela il faut...
Comment connaître ma xxx1 ?;Quel est le montant de ma xxx1 ? + Méthode;Le montant de votre xxx1 est de vvv1 euros. Pour cela il faut...
Comment connaître mes xxx1 ?;Quel est le montant de mes xxx1 ? + Méthode;Le montant de votre xxx1 est de vvv1 euros. Pour cela il faut...
Quel est le montant de ma xxx1 ? ;Quel est le montant de ma xxx1 ?;Le montant de votre xxx1 est de vvv1 euros
Combien coûte ma xxx1 ? ;Quel est le montant de ma xxx1 ?;Le montant de votre xxx1 est de vvv1 euros
Quelle est la somme de ma xxx1 ? ;Quel est le montant de ma xxx1 ?;Le montant de votre xxx1 est de vvv1 euros
A quel montant s'élève ma xxx1 ? ;Quel est le montant de ma xxx1 ?;Le montant de votre xxx1 est de vvv1 euros
Peux-tu me dire le montant de ma xxx1 ? ;Quel est le montant de ma xxx1 ? Peux-tu ?;Oui je peux. Le montant de votre xxx1 est de vvv1 euros
Comment obtenir le montant de ma xxx1 ? ;Quel est le montant de ma xxx1 ? + Méthode;Le montant de votre xxx1 est de vvv1 euros. Pour cela il faut...
Quel est le montant de mes xxx1 ? ;Quel est le montant de mes xxx1 ?;Le montant de vos xxx1 est de vvv1 euros
Combien coûtent mes xxx1 ? ;Quel est le montant de mes xxx1 ?;Le montant de vos xxx1 est de vvv1 euros
Quelle est la somme de mes xxx1 ? ;Quel est le montant de mes xxx1 ?;Le montant de vos xxx1 est de vvv1 euros
A quel montant s'élèvent mes xxx1 ? ;Quel est le montant de mes xxx1 ?;Le montant de vos xxx1 est de vvv1 euros
Peux-tu me dire le montant de mes xxx1 ? ;Quel est le montant de mes xxx1 ? Peux-tu ?;Oui je peux. Le montant de vos xxx1 est de vvv1 euros
Comment obtenir le montant de mes xxx1 ? ;Quel est le montant de mes xxx1 ? + Méthode;Le montant de vos xxx1 est de vvv1 euros. Pour cela il faut...
Quel est le montant de mon xxx1 ? ;Quel est le montant de mon xxx1 ?;Le montant de votre xxx1 est de vvv1 euros
Combien coûte mon xxx1 ? ;Quel est le montant de mon xxx1 ?;Le montant de votre xxx1 est de vvv1 euros
Quelle est la somme de mon xxx1 ? ;Quel est le montant de mon xxx1 ?;Le montant de votre xxx1 est de vvv1 euros
A quel montant s'élève mon xxx1 ? ;Quel est le montant de mon xxx1 ?;Le montant de votre xxx1 est de vvv1 euros
Peux-tu me dire le montant de mon xxx1 ? ;Quel est le montant de mon xxx1 ? Peux-tu ?;Oui je peux. Le montant de votre xxx1 est de vvv1 euros
Comment obtenir le montant de mon xxx1 ? ;Quel est le montant de mon xxx1 ? + Méthode;Le montant de votre xxx1 est de vvv1 euros. Pour cela il faut...
Quelle est la valeur de ma xxx1 sans les xxx2 ? ;Quel est le montant de ma xxx1 hors xxx2 ?;Le montant de votre xxx1 hors xxx2 est de vvv1 euros
A quel montant s'élève ma xxx1 sans les xxx2 ? ;Quel est le montant de ma xxx1 hors xxx2 ?;Le montant de votre xxx1 hors xxx2 est de vvv1 euros
Quelle est la somme de ma xxx1 sans les xxx2 ? ;Quel est le montant de ma xxx1 hors xxx2 ?;Le montant de votre xxx1 hors xxx2 est de vvv1 euros
Combien coûte ma xxx1 sans les xxx2 ? ;Quel est le montant de ma xxx1 hors xxx2 ?;Le montant de votre xxx1 hors xxx2 est de vvv1 euros
Peux-tu me dire ma xxx1 avant les xxx2 ? ;Quel est le montant de ma xxx1 hors xxx2 ? Peux-tu ?;Oui je peux. Le montant de votre xxx1 hors xxx2 est de vvv1 euros
Comment mesurer ma xxx1 sans inclure xxx2 ? ;Quel est le montant de ma xxx1 hors xxx2 ? + Méthode;Le montant de votre xxx1 hors xxx2 est de vvv1 euros. Pour cela il faut...
Comment déterminer ma xxx1 avant xxx2 ? ;Quel est le montant de ma xxx1 hors xxx2 ? + Méthode;Le montant de votre xxx1 hors xxx2 est de vvv1 euros. Pour cela il faut...
Quelle est la valeur de mes xxx1 sans les xxx2 ? ;Quel est le montant de mes xxx1 hors xxx2 ?;Le montant de vos xxx1 hors xxx2 est de vvv1 euros
A quel montant s'élèvent mes xxx1 sans les xxx2 ? ;Quel est le montant de mes xxx1 hors xxx2 ?;Le montant de vos xxx1 hors xxx2 est de vvv1 euros
Quelle est la somme de mes xxx1 sans les xxx2 ? ;Quel est le montant de mes xxx1 hors xxx2 ?;Le montant de vos xxx1 hors xxx2 est de vvv1 euros
Combien coûtent mes xxx1 sans les xxx2 ? ;Quel est le montant de mes xxx1 hors xxx2 ?;Le montant de vos xxx1 hors xxx2 est de vvv1 euros
Peux-tu me dire mes xxx1 avant les xxx2 ? ;Quel est le montant de mes xxx1 hors xxx2 ? Peux-tu ?;Oui je peux. Le montant de vos xxx1 hors xxx2 est de vvv1 euros
Comment mesurer mes xxx1 sans inclure xxx2 ? ;Quel est le montant de mes xxx1 hors xxx2 ? + Méthode;Le montant de vos xxx1 hors xxx2 est de vvv1 euros. Pour cela il faut...
Comment déterminer mes xxx1 avant xxx2 ? ;Quel est le montant de mes xxx1 hors xxx2 ? + Méthode;Le montant de vos xxx1 hors xxx2 est de vvv1 euros. Pour cela il faut...
Quelle est la valeur de mon xxx1 sans les xxx2 ? ;Quel est le montant de mon xxx1 hors xxx2 ?;Le montant de votre xxx1 hors xxx2 est de vvv1 euros
A quel montant s'élève mon xxx1 sans les xxx2 ? ;Quel est le montant de mon xxx1 hors xxx2 ?;Le montant de votre xxx1 hors xxx2 est de vvv1 euros
Quelle est la somme de mon xxx1 sans les xxx2 ? ;Quel est le montant de mon xxx1 hors xxx2 ?;Le montant de votre xxx1 hors xxx2 est de vvv1 euros
Combien coûte mon xxx1 sans les xxx2 ? ;Quel est le montant de mon xxx1 hors xxx2 ?;Le montant de votre xxx1 hors xxx2 est de vvv1 euros
Peux-tu me dire mon xxx1 sans les xxx2 ? ;Quel est le montant de mon xxx1 hors xxx2 ? Peux-tu ?;Oui je peux. Le montant de votre xxx1 hors xxx2 est de vvv1 euros
Comment mesurer mon xxx1 sans inclure xxx2 ? ;Quel est le montant de mon xxx1 hors xxx2 ? + Méthode;Le montant de votre xxx1 hors xxx2 est de vvv1 euros. Pour cela il faut...
Comment déterminer mon xxx1 avant xxx2 ? ;Quel est le montant de mon xxx1 hors xxx2 ? + Méthode;Le montant de votre xxx1 hors xxx2 est de vvv1 euros. Pour cela il faut...
Peux-tu détailler ma xxx1 mensuelle ? ;Quel est le montant de ma xxx1 par mois ? Peux-tu ?;Oui je peux. Voici un tableau qui présente le montant de votre xxx1 par mois
Quel est le total de ma xxx1 chaque mois ? ;Quel est le montant de ma xxx1 par mois ?;Voici un tableau qui présente le montant de votre xxx1 par mois
Comment déterminer le montant de ma xxx1 chaque mois ? ;Quel est le montant de ma xxx1 par mois ? + Méthode;Voici un tableau qui présente le montant de votre xxx1 par mois. Pour cela il faut...
Est-ce que je peux obtenir un aperçu de ma xxx1 mensuelle ? ;Quel est le montant de ma xxx1 par mois ? Est-ce que ?;Oui. Voici un tableau qui présente le montant de votre xxx1 par mois
Peux-tu détailler mes xxx1 mensuelles ? ;Quel est le montant de mes xxx1 par mois ? Peux-tu ?;Oui je peux. Voici un tableau qui présente le montant de vos xxx1 par mois
Peux-tu détailler mes xxx1 mensuels ? ;Quel est le montant de mes xxx1 par mois ? Peux-tu ?;Oui je peux. Voici un tableau qui présente le montant de vos xxx1 par mois
Quel est le total de mes xxx1 chaque mois ? ;Quel est le montant de mes xxx1 par mois ?;Voici un tableau qui présente le montant de vos xxx1 par mois
Comment déterminer le montant de mes xxx1 chaque mois ? ;Quel est le montant de mes xxx1 par mois ? + Méthode;Voici un tableau qui présente le montant de vos xxx1 par mois. Pour cela il faut...
Est-ce que je peux obtenir un aperçu de mes xxx1 mensuelles ? ;Quel est le montant de mes xxx1 par mois ? Est-ce que ?;Oui. Voici un tableau qui présente le montant de vos xxx1 par mois
Est-ce que je peux obtenir un aperçu de mes xxx1 mensuels ? ;Quel est le montant de mes xxx1 par mois ? Est-ce que ?;Oui. Voici un tableau qui présente le montant de vos xxx1 par mois
Peux-tu détailler mon xxx1 mensuel ? ;Quel est le montant de mon xxx1 par mois ? Peux-tu ?;Oui je peux. Voici un tableau qui présente le montant de votre xxx1 par mois
Quel est le total de mon xxx1 chaque mois ? ;Quel est le montant de mon xxx1 par mois ?;Voici un tableau qui présente le montant de votre xxx1 par mois
Comment déterminer le montant de mon xxx1 chaque mois ? ;Quel est le montant de mon xxx1 par mois ? + Méthode;Voici un tableau qui présente le montant de votre xxx1 par mois. Pour cela il faut...
Est-ce que je peux obtenir un aperçu de mon xxx1 mensuel ? ;Quel est le montant de mon xxx1 par mois ? Est-ce que ?;Oui. Voici un tableau qui présente le montant de votre xxx1 par mois
Quels sont mes xxx1 en détail ? ;Quel est le détail de mes xxx1 ?;Voici le détail de vos xxx1
Donnes moi le détail de mes xxx1 ;Quel est le détail de mes xxx1 ?;Voici le détail de vos xxx1
Montres moi mes xxx1 en détail ;Quel est le détail de mes xxx1 ?;Voici le détail de vos xxx1
J'aimerais connaître le détail de mes xxx1 ;Quel est le détail de mes xxx1 ?;Voici le détail de vos xxx1
Peux-tu afficher une répartition détaillée de mes xxx1 ? ;Quel est le détail de mes xxx1 ? Peux-tu ?;Oui je peux. Voici le détail de vos xxx1
Comment voir le détail de mes xxx1 ? ;Quel est le détail de mes xxx1 ? + Méthode;Voici le détail de vos xxx1. Pour cela il faut...
Quelle est ma xxx1 en détail ? ;Quel est le détail de ma xxx1 ?;Voici le détail de votre xxx1
Donnes moi le détail de ma xxx1 ;Quel est le détail de ma xxx1 ?;Voici le détail de votre xxx1
Montres moi ma xxx1 en détail ;Quel est le détail de ma xxx1 ?;Voici le détail de votre xxx1
J'aimerais connaître le détail de ma xxx1 ;Quel est le détail de ma xxx1 ?;Voici le détail de votre xxx1
Peux-tu afficher une répartition détaillée de ma xxx1 ? ;Quel est le détail de ma xxx1 ? Peux-tu ?;Oui je peux. Voici le détail de votre xxx1
Comment voir le détail de ma xxx1 ? ;Quel est le détail de ma xxx1 ? + Méthode;Voici le détail de votre xxx1. Pour cela il faut...
Quel est mon xxx1 en détail ? ;Quel est le détail de mon xxx1 ?;Voici le détail de votre xxx1
Donnes moi le détail de mon xxx1  ;Quel est le détail de mon xxx1 ?;Voici le détail de votre xxx1
Montres moi mon xxx1 en détail ;Quel est le détail de mon xxx1 ?;Voici le détail de votre xxx1
J'aimerais connaître le détail de mon xxx1 ;Quel est le détail de mon xxx1 ?;Voici le détail de votre xxx1
Peux-tu afficher une répartition détaillée de mon xxx1 ? ;Quel est le détail de mon xxx1 ? Peux-tu ?;Oui je peux. Voici le détail de votre xxx1
Comment voir le détail de mon xxx1 ? ;Quel est le détail de mon xxx1 ? + Méthode;Voici le détail de votre xxx1. Pour cela il faut...
Je voudrais un tableau présentant xxx1 xxx2 et xxx3 ;Fais moi un tableau avec 3 colonnes : xxx1 xxx2 et xxx3;Voici un tableau en 3 colonnes avec xxx1 xxx2 et xxx3
Peux-tu me créer un tableau avec ces informations : xxx1 xxx2 et xxx3 ? ;Fais moi un tableau avec 3 colonnes : xxx1 xxx2 et xxx3 Peux-tu ?;Oui je peux. Voici un tableau en 3 colonnes avec xxx1 xxx2 et xxx3
J'ai besoin d'un tableau où tu listeras xxx1 xxx2 puis xxx3 ;Fais moi un tableau avec 3 colonnes : xxx1 xxx2 et xxx3;Voici un tableau en 3 colonnes avec xxx1 xxx2 et xxx3
Est-il possible d'avoir un tableau récapitulant d'abord xxx1 puis xxx2 et xxx3 ? ;Fais moi un tableau avec 3 colonnes : xxx1 xxx2 et xxx3 Est-il possible ?;Oui. Voici un tableau en 3 colonnes avec xxx1 xxx2 et xxx3
Peux-tu me montrer un tableau incluant xxx1 xxx2 et xxx3 séparément ? ;Fais moi un tableau avec 3 colonnes : xxx1 xxx2 et xxx3 Peux-tu ?;Oui je peux. Voici un tableau en 3 colonnes avec xxx1 xxx2 et xxx3
Quelles sont les dernières xxx1 que nous avons enregistrées ? ;Quelles sont les dernières xxx1 ?;Les dernières xxx1 sont...
Peux-tu m'indiquer quelles ont été les dernières xxx1 ? ;Quelles sont les dernières xxx1 ? Peux-tu ?;Oui je peux. Les dernières xxx1 sont...
Montres moi les dernières xxx1 ;Quelles sont les dernières xxx1 ?;Les dernières xxx1 sont...
Comment puis-je voir les dernières xxx1 réalisées ? ;Quelles sont les dernières xxx1 ? + Méthode;Les dernières xxx1 sont... Pour cela il faut...
J'aimerais consulter les dernières xxx1 ;Quelles sont les dernières xxx1 ?;Les dernières xxx1 sont...
Quel est le dernier xxx1 enregistré ? ;Quel est le dernier xxx1 ?;Le dernier xxx1 est...
Peux-tu m'indiquer quel a été le dernier xxx1 ? ;Quel est le dernier xxx1 ? Peux-tu ?;Oui je peux. Le dernier xxx1 est...
Montres moi le dernier xxx1 ;Quel est le dernier xxx1 ?;Le dernier xxx1 est...
Comment puis-je voir le dernier xxx1 réalisé ? ;Quel est le dernier xxx1 ? + Méthode;Le dernier xxx1 est... Pour cela il faut...
J'aimerais consulter le dernier xxx1 ;Quel est le dernier xxx1 ?;Le dernier xxx1 est...
Quels sont les derniers xxx1 enregistrés ? ;Quels sont les derniers xxx1 ?;Les derniers xxx1 sont...
Peux-tu m'indiquer quels ont été les derniers xxx1 ? ;Quels sont les derniers xxx1 ? Peux-tu ?;Oui je peux. Les derniers xxx1 sont...
Montres moi les derniers xxx1 ;Quels sont les derniers xxx1 ?;Les derniers xxx1 sont...
Comment puis-je voir les derniers xxx1 réalisés ? ;Quels sont les derniers xxx1 ? + Méthode;Les derniers xxx1 sont... Pour cela il faut...
J'aimerais consulter les derniers xxx1 ;Quels sont les derniers xxx1 ?;Les derniers xxx1 sont...
Quelle est la dernière xxx1 enregistrée ? ;Quelle est la dernière xxx1 ?;La dernière xxx1 est...
Peux-tu m'indiquer quelle a été la dernière xxx1 ? ;Quelle est la dernière xxx1 ? Peux-tu ?;Oui je peux. La dernière xxx1 est...
Montres moi la dernière xxx1 ;Quelle est la dernière xxx1 ?;La dernière xxx1 est...
Comment puis-je voir la dernière xxx1 réalisée ? ;Quelle est la dernière xxx1 ? + Méthode;La dernière xxx1 est... Pour cela il faut...
J'aimerais consulter la dernière xxx1 ;Quelle est la dernière xxx1 ?;La dernière xxx1 est...
Peux-tu me montrer les xxx1 de fff1 ? ;Quelles sont les xxx1 de fff1 ? Peux-tu ?;Oui je peux. Le montant des xxx1 de fff1 est de vvv1 euros
Peux-tu me dire quelles sont les xxx1 de fff1 ? ;Quelles sont les xxx1 de fff1 ? Peux-tu ?;Oui je peux. Le montant des xxx1 de fff1 est de vvv1 euros
Est-il possible de savoir quelles sont les xxx1 de fff1 ? ;Quelles sont les xxx1 de fff1 ? Est-il possible ?;Oui. Le montant des xxx1 de fff1 est de vvv1 euros
Montres moi les xxx1 de fff1 ;Quelles sont les xxx1 de fff1 ?;Le montant des xxx1 de fff1 est de vvv1 euros
J'aimerais voir les xxx1 de fff1 ;Quelles sont les xxx1 de fff1 ?;Le montant des xxx1 de fff1 est de vvv1 euros
Je voudrais consulter les xxx1 de fff1 ;Quelles sont les xxx1 de fff1 ?;Le montant des xxx1 de fff1 est de vvv1 euros
Combien représente mon xxx1 par rapport à mon xxx2 ? ;Quel est le montant de mon xxx1 par rapport au montant de mon  xxx2 ?;Le montant de votre xxx1 est de vvv1 euros par rapport au montant de votre xxx2 qui est de vvv2 euros
Est-ce que mon xxx1 constitue une grande partie de mon xxx2 ? ;Quel est le montant de mon xxx1 par rapport au montant de mon xxx2 ? + appréciation;Le montant de votre xxx1 est de vvv1 euros par rapport au montant de votre xxx2 qui est de vvv2 euros. Cela veut dire que...
Quelle part de mon xxx1 va à mon xxx2 ? ;Quel est le montant de mon xxx1 par rapport au montant de mon xxx2 ?;Le montant de votre xxx1 est de vvv1 euros par rapport au montant de votre xxx2 qui est de vvv2 euros
Peux-tu me dire le rapport entre mon xxx1 et mon xxx2 ? ;Quel est le montant de mon xxx1 par rapport au montant de  mon xxx2 ? Peux-tu ?;Oui je peux. Le montant de votre xxx1 est de vvv1 euros par rapport au montant de votre xxx2 qui est de vvv2 
Comment obtenir le rapport entre mon xxx1 et mon xxx2 ? ;Quel est le montant de mon xxx1 par rapport au montant de mon xxx2 ? + Méthode;Le montant de votre xxx1 est de vvv1 euros par rapport au montant de votre xxx2 qui est de vvv2 euros. Pour cela il faut...
Combien représente ma xxx1 par rapport à ma xxx2 ? ;Quel est le montant de ma xxx1 par rapport au montant de ma xxx2 ?;Le montant de votre xxx1 est de vvv1 euros par rapport au montant de votre xxx2 qui est de vvv2 euros
Est-ce que ma xxx1 constitue une grande partie de ma xxx2 ? ;Quel est le montant de ma xxx1 par rapport au montant de ma xxx2 ? + appréciation;Le montant de votre xxx1 est de vvv1 euros par rapport au montant de votre xxx2 qui est de vvv2 euros. Cela veut dire que...
Quelle part de ma xxx1 va à ma xxx2 ? ;Quel est le montant de ma xxx1 par rapport au montant de ma xxx2 ?;Le montant de votre xxx1 est de vvv1 euros par rapport au montant de votre xxx2 qui est de vvv2 euros
Peux-tu me dire le rapport entre ma xxx1 et ma xxx2 ? ;Quel est le montant de ma xxx1 par rapport au montant de ma xxx2 ? Peux-tu ?;Oui je peux. Le montant de votre xxx1 est de vvv1 euros par rapport au montant de votre xxx2 qui est de vvv2 euros
Comment obtenir le rapport entre ma xxx1 et ma xxx2 ? ;Quel est le montant de ma xxx1 par rapport au montant de ma xxx2 ? + Méthode;Le montant de votre xxx1 est de vvv1 euros par rapport au montant de votre xxx2 qui est de vvv2 euros. Pour cela il faut...
Combien représentent mes xxx1 par rapport à mes xxx2 ? ;Quel est le montant de mes xxx1 par rapport au montant de mes xxx2 ?;Le montant de vos xxx1 est de vvv1 euros par rapport au montant de vos xxx2 qui est de vvv2 euros
Est-ce que mes xxx1 constituent une grande partie de mes xxx2 ? ;Quel est le montant de mes xxx1 par rapport au montant de mes xxx2 ? + appréciation;Le montant de vos xxx1 est de vvv1 euros par rapport au montant de vos xxx2 qui est de vvv2 euros. Cela veut dire que...
Quelle part de mes xxx1 va à mes xxx2 ? ;Quel est le montant de mes xxx1 par rapport au montant de mes xxx2 ?;Le montant de vos xxx1 est de vvv1 euros par rapport au montant de vos xxx2 qui est de vvv2 euros
Peux-tu me dire le rapport entre mes xxx1 et mes xxx2 ? ;Quel est le montant de mes xxx1 par rapport au montant de mes xxx2 ? Peux-tu ?;Oui je peux. Le montant de vos xxx1 est de vvv1 euros par rapport au montant de vos xxx2 qui est de vvv2 euros
Comment obtenir le rapport entre mes xxx1 et mes xxx2 ? ;Quel est le montant de mes xxx1 par rapport au montant de mes xxx2 ? + Méthode;Le montant de vos xxx1 est de vvv1 euros par rapport au montant de vos xxx2 qui est de vvv2 euros. Pour cela il faut...
Quel est le montant de mon xxx1 et de mon xxx2 ? ;Quel est le montant de mon xxx1 et le montant de mon xxx2 ?;Le montant de votre xxx1 est de vvv1 euros et le montant de votre xxx2 est de vvv2 euros
Combien coûte mon xxx1 et mon xxx2 ? ;Quel est le montant de mon xxx1 et le montant de mon xxx2 ?;Le montant de votre xxx1 est de vvv1 euros et le montant de votre xxx2 est de vvv2 euros
Peux-tu me donner le montant de mon xxx1 et celui de mon xxx2 ? ;Quel est le montant de mon xxx1 et le montant de mon xxx2 ? Peux-tu ?;Oui je peux. Le montant de votre xxx1 est de vvv1 euros et le montant de votre xxx2 est de vvv2 euros
Peux-tu me montrer mon xxx1 et mon xxx2 ? ;Quel est le montant de mon xxx1 et le montant de mon xxx2 ? Peux-tu ?;Oui je peux. Le montant de votre xxx1 est de vvv1 euros et le montant de votre xxx2 est de vvv2 euros
Comment avoir le montant de mon xxx1 et celui de mon xxx2 ? ;Quel est le montant de mon xxx1 et le montant de mon xxx2 ? + Méthode;Le montant de votre xxx1 est de vvv1 euros et le montant de votre xxx2 est de vvv2 euros. Pour cela il faut...
Quel est le montant de ma xxx1 et de ma xxx2 ? ;Quel est le montant de ma xxx1 et le montant de ma xxx2 ?;Le montant de votre xxx1 est de vvv1 euros et le montant de votre xxx2 est de vvv2 euros
Combien coûte ma xxx1 et ma xxx2 ? ;Quel est le montant de ma xxx1 et le montant de ma xxx2 ?;Le montant de votre xxx1 est de vvv1 euros et le montant de votre xxx2 est de vvv2 euros
Peux-tu me donner le montant de ma xxx1 et celui de ma xxx2 ? ;Quel est le montant de ma xxx1 et le montant de ma xxx2 ? Peux-tu ?;Oui je peux. Le montant de votre xxx1 est de vvv1 euros et le montant de votre xxx2 est de vvv2 euros
Peux-tu me montrer ma xxx1 et ma xxx2 ? ;Quel est le montant de ma xxx1 et le montant de ma xxx2 ? Peux-tu ?;Oui je peux. Le montant de votre xxx1 est de vvv1 euros et le montant de votre xxx2 est de vvv2 euros
Comment avoir le montant de ma xxx1 et celui de ma xxx2 ? ;Quel est le montant de ma xxx1 et le montant de ma xxx2 ? + Méthode;Le montant de votre xxx1 est de vvv1 euros et le montant de votre xxx2 est de vvv2 euros. Pour cela il faut...
Quel est le montant de mes xxx1 et de mes xxx2 ? ;Quel est le montant de mes xxx1 et le montant de mes xxx2 ?;Le montant de vos xxx1 est de vvv1 euros et le montant de vos xxx2 est de vvv2 euros
Combien coûtent mes xxx1 et mes xxx2 ? ;Quel est le montant de mes xxx1 et le montant de mes xxx2 ?;Le montant de vos xxx1 est de vvv1 euros et le montant de vos xxx2 est de vvv2 euros
Peux-tu me donner le montant de mes xxx1 et celui de mes xxx2 ? ;Quel est le montant de mes xxx1 et le montant de mes xxx2 ? Peux-tu ?;Oui je peux. Le montant de vos xxx1 est de vvv1 euros et le montant de vos xxx2 est de vvv2 euros
Peux-tu me montrer mes xxx1 et mes xxx2 ? ;Quel est le montant de mes xxx1 et le montant de mes xxx2 ? Peux-tu ?;Oui je peux. Le montant de vos xxx1 est de vvv1 euros et le montant de vos xxx2 est de vvv2 euros
Comment avoir le montant de mes xxx1 et celui de mes xxx2 ? ;Quel est le montant de mes xxx1 et le montant de mes xxx2 ? + Méthode;Le montant de vos xxx1 est de vvv1 euros et le montant de vos xxx2 est de vvv2 euros. Pour cela il faut...
J'aimerais savoir le total combiné de mon xxx1 et de mon xxx2 ;Quel est le montant de mon xxx1 plus le montant de mon xxx2 ?;Le montant de votre xxx1 plus le montant de votre xxx2 est de vvv1 euros
Donnes moi le montant combiné de mon xxx1 et de mon xxx2 ;Quel est le montant de mon xxx1 plus le montant de mon xxx2 ?;Le montant de votre xxx1 plus le montant de votre xxx2 est de vvv1 euros
Quel est le montant de mon xxx1 ajouté à mon xxx2 ? ;Quel est le montant de mon xxx1 plus le montant de mon xxx2 ?;Le montant de votre xxx1 plus le montant de votre xxx2 est de vvv1 euros
Peux-tu additionner mon xxx1 et mon xxx2 ? ;Quel est le montant de mon xxx1 plus le montant de mon xxx2 ? Peux-tu ?;Oui je peux. Le montant de votre xxx1 plus le montant de votre xxx2 est de vvv1 euros
Peux-tu me montrer le total de mon xxx1 avec mon xxx2 ? ;Quel est le montant de mon xxx1 plus le montant de mon xxx2 ? Peux-tu ?;Oui je peux. Le montant de votre xxx1 plus le montant de votre xxx2 est de vvv1 euros
Comment obtenir le total de mon xxx1 avec mon xxx2 ? ;Quel est le montant de mon xxx1 plus le montant de mon xxx2 ? + Méthode;Le montant de votre xxx1 plus le montant de votre xxx2 est de vvv1 euros. Pour cela il faut...
J'aimerais savoir le total combiné de mes xxx1 et de mes xxx2 ;Quel est le montant de mes xxx1 plus le montant de mes xxx2 ?;Le montant de vos xxx1 plus le montant de vos xxx2 est de vvv1 euros
Donnes moi le montant combiné de mes xxx1 et de mes xxx2 ;Quel est le montant de mes xxx1 plus le montant de mes xxx2 ?;Le montant de vos xxx1 plus le montant de vos xxx2 est de vvv1 euros
Quel est le montant de mes xxx1 ajoutés à mes xxx2 ? ;Quel est le montant de mes xxx1 plus le montant de mes xxx2 ?;Le montant de vos xxx1 plus le montant de vos xxx2 est de vvv1 euros
Peux-tu additionner mes xxx1 et mes xxx2 ? ;Quel est le montant de mes xxx1 plus le montant de mes xxx2 ? Peux-tu ?;Oui je peux. Le montant de vos xxx1 plus le montant de vos xxx2 est de vvv1 euros
Peux-tu me montrer le total de mes xxx1 avec mes xxx2 ? ;Quel est le montant de mes xxx1 plus le montant de mes xxx2 ? Peux-tu ?;Oui je peux. Le montant de vos xxx1 plus le montant de vos xxx2 est de vvv1 euros
Comment obtenir le total de mes xxx1 avec mes xxx2 ? ;Quel est le montant de mes xxx1 plus le montant de mes xxx2 ? + Méthode;Le montant de vos xxx1 plus le montant de vos xxx2 est de vvv1 euros. Pour cela il faut...
J'aimerais savoir le total combiné de ma xxx1 et de ma xxx2 ;Quel est le montant de ma xxx1 plus le montant de ma xxx2 ?;Le montant de votre xxx1 plus le montant de votre xxx2 est de vvv1 euros
Donnes moi le montant combiné de ma xxx1 et de ma xxx2 ;Quel est le montant de ma xxx1 plus le montant de ma xxx2 ?;Le montant de votre xxx1 plus le montant de votre xxx2 est de vvv1 euros
Quel est le montant de ma xxx1 ajoutée à ma xxx2 ? ;Quel est le montant de ma xxx1 plus le montant de ma xxx2 ?;Le montant de votre xxx1 plus le montant de votre xxx2 est de vvv1 euros
Peux-tu additionner ma xxx1 et ma xxx2 ? ;Quel est le montant de ma xxx1 plus le montant de ma xxx2 ? Peux-tu ?;Oui je peux. Le montant de votre xxx1 plus le montant de votre xxx2 est de vvv1 euros
Peux-tu me montrer le total de ma xxx1 avec ma xxx2 ? ;Quel est le montant de ma xxx1 plus le montant de ma xxx2 ? Peux-tu ?;Oui je peux. Le montant de votre xxx1 plus le montant de votre xxx2 est de vvv1 euros
Comment obtenir le total de ma xxx1 avec ma xxx2 ? ;Quel est le montant de ma xxx1 plus le montant de ma xxx2 ? + Méthode;Le montant de votre xxx1 plus le montant de votre xxx2 est de vvv1 euros. Pour cela il faut...
Peux-tu comparer mon xxx1 de mmm1 avec celui de mmm2 ? ;Quel est le montant de mon xxx1 en mmm1 versus le montant de mon xxx1 en mmm2 ? Peux-tu ?;Oui je peux. Le montant de votre xxx1 en mmm1 est de vvv1 euros comparé au montant de votre xxx1 en mmm2 de vvv2 euros
Comment puis-je savoir mon xxx1 de mmm1 comparé à celui de mmm2 ? ;Quel est le montant de mon xxx1 en mmm1 versus le montant de mon xxx1 en mmm2 ? + Méthode;Le montant de votre xxx1 en mmm1 est de vvv1 euros comparé au montant de votre xxx1 en mmm2 de vvv2 euros. Pour cela il faut...
Je veux connaître mon xxx1 de mmm1 et le comparer à celui de mmm2 ;Quel est le montant de mon xxx1 en mmm1 versus le montant de mon xxx1 en mmm2 ?;Le montant de votre xxx1 en mmm1 est de vvv1 euros comparé au montant de votre xxx1 en mmm2 de vvv2 euros
Quelle est la comparaison de mon xxx1 entre mmm1 et mmm2 ? ;Quel est le montant de mon xxx1 en mmm1 versus le montant de mon xxx1 en mmm2 ?;Le montant de votre xxx1 en mmm1 est de vvv1 euros comparé au montant de votre xxx1 en mmm2 de vvv2 euros
J'aimerais analyser mon xxx1 de mmm1 en comparaison à celui de mmm2 ;Quel est le montant de mon xxx1 en mmm1 versus le montant de mon xxx1 en mmm2 ?;Le montant de votre xxx1 en mmm1 est de vvv1 euros comparé au montant de votre xxx1 en mmm2 de vvv2 euros
Peux-tu comparer ma xxx1 de mmm1 avec celle de mmm2 ? ;Quel est le montant de ma xxx1 en mmm1 versus le montant de ma xxx1 en mmm2 ? Peux-tu ?;Oui je peux. Le montant de votre xxx1 en mmm1 est de vvv1 euros comparé au montant de votre xxx1 en mmm2 de vvv2 euros
Comment puis-je savoir ma xxx1 de mmm1 comparée à cellle de mmm2 ? ;Quel est le montant de ma xxx1 en mmm1 versus le montant de ma xxx1 en mmm2 ? + Méthode;Le montant de votre xxx1 en mmm1 est de vvv1 euros comparé au montant de votre xxx1 en mmm2 de vvv2 euros. Pour cela il faut...
Je veux connaître ma xxx1 de mmm1 et la comparer à celle de mmm2 ;Quel est le montant de ma xxx1 en mmm1 versus le montant de ma xxx1 en mmm2 ?;Le montant de votre xxx1 en mmm1 est de vvv1 euros comparé au montant de votre xxx1 en mmm2 de vvv2 euros
Quelle est la comparaison de ma xxx1 entre mmm1 et mmm2 ? ;Quel est le montant de ma xxx1 en mmm1 versus le montant de ma xxx1 en mmm2 ?;Le montant de votre xxx1 en mmm1 est de vvv1 euros comparé au montant de votre xxx1 en mmm2 de vvv2 euros
J'aimerais analyser ma xxx1 de mmm1 en comparaison à celle de mmm2 ;Quel est le montant de ma xxx1 en mmm1 versus le montant de ma xxx1 en mmm2 ?;Le montant de votre xxx1 en mmm1 est de vvv1 euros comparé au montant de votre xxx1 en mmm2 de vvv2 euros
Peux-tu comparer mes xxx1 de mmm1 avec celles de mmm2 ? ;Quel est le montant de mes xxx1 en mmm1 versus le montant de mes xxx1 en mmm2 ? Peux-tu ?;Oui je peux. Le montant de vos xxx1 en mmm1 est de vvv1 euros comparé au montant de vos xxx1 en mmm2 de vvv2 euros
Comment puis-je savoir mes xxx1 de mmm1 comparés à ceux de mmm2 ? ;Quel est le montant de mes xxx1 en mmm1 versus le montant de mes xxx1 en mmm2 ? + Méthode;Le montant de vos xxx1 en mmm1 est de vvv1 euros comparé au montant de vos xxx1 en mmm2 de vvv2 euros. Pour cela il faut...
Je veux connaître mes xxx1 de mmm1 et les comparer à celles de mmm2 ;Quel est le montant de mes xxx1 en mmm1 versus le montant de mes xxx1 en mmm2 ?;Le montant de vos xxx1 en mmm1 est de vvv1 euros comparé au montant de vos xxx1 en mmm2 de vvv2 euros
Quelle est la comparaison de mes xxx1 entre mmm1 et mmm2 ? ;Quel est le montant de mes xxx1 en mmm1 versus le montant de mes xxx1 en mmm2 ?;Le montant de vos xxx1 en mmm1 est de vvv1 euros comparé au montant de vos xxx1 en mmm2 de vvv2 euros
J'aimerais analyser mes xxx1 de mmm1 en comparaison à ceux de mmm2 ;Quel est le montant de mes xxx1 en mmm1 versus le montant de mes xxx1 en mmm2 ?;Le montant de vos xxx1 en mmm1 est de vvv1 euros comparé au montant de vos xxx1 en mmm2 de vvv2 euros
Quand ai-je effectué mes versements à xxx1 ? ;Quand est-ce que j'ai payé xxx1 ?;Vous avez payé xxx1 aux dates suivantes : ddd1 ddd2 ddd3 ddd4 ...
Quand ai-je effectué mes versements à fff1 ? ;Quand est-ce que j'ai payé fff1 ? ;Vous avez payé fff1 aux dates suivantes : ddd1 ddd2 ddd3 ddd4 ... 
Comment trouver les dates auxquelles j'ai payé xxx1 ? ;Quand est-ce que j'ai payé xxx1 ? + Méthode;Vous avez payé xxx1 aux dates suivantes : ddd1 ddd2 ddd3 ddd4 ...Pour cela il faut...
Comment trouver les dates auxquelles j'ai payé fff1 ? ;Quand est-ce que j'ai payé fff1 ? + Méthode;Vous avez payé fff1 aux dates suivantes : ddd1 ddd2 ddd3 ddd4 ...Pour cela il faut...
Peux-tu me fournir les dates exactes de mes paiements à xxx1 ? ;Quand est-ce que j'ai payé xxx1 ? Peux-tu ?;Oui je peux. Vous avez payé xxx1 aux dates suivantes : ddd1 ddd2 ddd3 ddd4 ...
Peux-tu me fournir les dates exactes de mes paiements à fff1 ? ;Quand est-ce que j'ai payé fff1 ? Peux-tu ?;Oui je peux. Vous avez payé fff1 aux dates suivantes : ddd1 ddd2 ddd3 ddd4 ...
Comment identifier les dates de mes paiements à xxx1 ? ;Quand est-ce que j'ai payé xxx1 ? + Méthode;Vous avez payé xxx1 aux dates suivantes : ddd1 ddd2 ddd3 ddd4 ...Pour cela il faut...
Comment identifier les dates de mes paiements à fff1 ? ;Quand est-ce que j'ai payé fff1 ? + Méthode;Vous avez payé fff1 aux dates suivantes : ddd1 ddd2 ddd3 ddd4 ...Pour cela il faut...
Je cherche à savoir quand j'ai fait mes paiements à xxx1 ;Quand est-ce que j'ai payé xxx1 ?;Vous avez payé xxx1 aux dates suivantes : ddd1 ddd2 ddd3 ddd4 ...
Je cherche à savoir quand j'ai fait mes paiements à fff1 ;Quand est-ce que j'ai payé fff1 ?;Vous avez payé fff1 aux dates suivantes : ddd1 ddd2 ddd3 ddd4 ...
Peux-tu me dire combien j'ai payé à xxx1 le mois dernier ? ;Quel est le montant de xxx1 du dernier mois ? Peux-tu ?;Oui je peux. Vous avez payé vvv1 euros à xxx1 le mois dernier
Peux-tu me dire combien j'ai payé à fff1 le mois dernier ? ;Quel est le montant de fff1 du dernier mois ? Peux-tu ?;Oui je peux. Vous avez payé vvv1 euros à fff1 le mois dernier
Combien ai-je versé à xxx1 le mois dernier ? ;Quel est le montant de xxx1 du dernier mois ?;Vous avez payé vvv1 euros à xxx1 le mois dernier
Combien ai-je versé à fff1 le mois dernier ? ;Quel est le montant de fff1 du dernier mois ?;Vous avez payé vvv1 euros à fff1 le mois dernier
Je voudrais connaître le montant de xxx1 du dernier mois ? ;Quel est le montant de xxx1 du dernier mois ?;Vous avez payé vvv1 euros à xxx1 le mois dernier
Je voudrais connaître le montant de fff1 du dernier mois ? ;Quel est le montant de fff1 du dernier mois ?;Vous avez payé vvv1 euros à fff1 le mois dernier
Quel montant a été débité pour xxx1 le mois dernier ? ;Quel est le montant de xxx1 du dernier mois ?;Vous avez payé vvv1 euros à xxx1 le mois dernier
Quel montant a été débité pour fff1 le mois dernier ? ;Quel est le montant de fff1 du dernier mois ?;Vous avez payé vvv1 euros à fff1 le mois dernier
Peux-tu m'informer sur le montant total dû à xxx1 le mois dernier ? ;Quel est le montant de xxx1 du dernier mois ?Peux-tu ?;Oui je peux. Vous avez payé vvv1 euros à xxx1 le mois dernier
Peux-tu m'informer sur le montant total dû à fff1 le mois dernier ? ;Quel est le montant de fff1 du dernier mois ?Peux-tu ?;Oui je peux. Vous avez payé vvv1 euros à fff1 le mois dernier
Comment savoir combien j'ai payé à xxx1 le mois dernier ? ;Quel est le montant de xxx1 du dernier mois ? + Méthode;Vous avez payé vvv1 euros à xxx1 le mois dernier. Pour cela il faut...
Comment savoir combien j'ai payé à fff1 le mois dernier ? ;Quel est le montant de fff1 du dernier mois ? + Méthode;Vous avez payé vvv1 euros à fff1 le mois dernier. Pour cela il faut...
Combien ai-je payé à fff1 en mmm1 ? ;Quel est le montant de fff1 en mmm1 ?;Vous avez payé vvv1 euros à fff1 en mmm1
Quelle somme ai-je dépensé pour fff1 en mmm1 ? ;Quel est le montant de fff1 en mmm1 ?;Vous avez payé vvv1 euros à fff1 en mmm1
Peux-tu me dire combien ai-je dépensé pour fff1 en mmm1 ? ;Quel est le montant de fff1 en mmm1 ?;Oui je peux. Vous avez payé vvv1 euros à fff1 en mmm1
Comment savoir combien j'ai versé à fff1 en mmm1 ? ;Quel est le montant de fff1 en mmm1 ? + Méthode;Vous avez payé vvv1 euros à fff1 en mmm1. POur cela il faut...

